[{"model": "inventory.category", "pk": 1, "fields": {"name": "millets", "path": "millets", "parent": null}}, {"model": "inventory.category", "pk": 2, "fields": {"name": "single_grain", "path": "millets.single_grain", "parent": 1}}, {"model": "inventory.category", "pk": 3, "fields": {"name": "grain", "path": "grain", "parent": null}}, {"model": "inventory.category", "pk": 4, "fields": {"name": "flour", "path": "flour", "parent": null}}, {"model": "inventory.category", "pk": 5, "fields": {"name": "powder_raw", "path": "millets.powder_raw", "parent": 1}}, {"model": "inventory.category", "pk": 6, "fields": {"name": "raw", "path": "millets.raw", "parent": 1}}, {"model": "inventory.category", "pk": 7, "fields": {"name": "multigrain", "path": "flour.multigrain", "parent": 4}}, {"model": "inventory.category", "pk": 8, "fields": {"name": "powder", "path": "flour.powder", "parent": 4}}, {"model": "inventory.category", "pk": 9, "fields": {"name": "spices", "path": "spices", "parent": null}}, {"model": "inventory.category", "pk": 10, "fields": {"name": "ghee", "path": "ghee", "parent": null}}, {"model": "inventory.category", "pk": 11, "fields": {"name": "buffalo", "path": "ghee.buffalo", "parent": 10}}, {"model": "inventory.category", "pk": 12, "fields": {"name": "cow", "path": "ghee.cow", "parent": 10}}, {"model": "inventory.category", "pk": 13, "fields": {"name": "oil", "path": "oil", "parent": null}}, {"model": "inventory.category", "pk": 14, "fields": {"name": "wp", "path": "oil.wp", "parent": 13}}, {"model": "inventory.category", "pk": 15, "fields": {"name": "cp", "path": "oil.cp", "parent": 13}}, {"model": "inventory.category", "pk": 16, "fields": {"name": "oil_seeds", "path": "oil_seeds", "parent": null}}, {"model": "inventory.store", "pk": 1, "fields": {"name": "Chakkiwale"}}, {"model": "inventory.inventory", "pk": 1, "fields": {"name": "Amaranth Millet - Rajgira", "code": "10001", "visible": true, "max_price": "300.00", "price": "300.00", "amount": "93.670", "executed_amount": "0.000", "unit": "kg", "comment": "", "image_url": "https://images.pexels.com/photos/1099680/pexels-photo-1099680.jpeg?auto=compress&cs=tinysrgb&w=800", "description": "", "store": 1, "category": 2}}, {"model": "inventory.inventory", "pk": 2, "fields": {"name": "Barley (Hulled)", "code": "10002", "visible": true, "max_price": "115.00", "price": "115.00", "amount": "87.412", "executed_amount": "0.000", "unit": "g", "comment": "", "image_url": "https://images.pexels.com/photos/1640777/pexels-photo-1640777.jpeg?auto=compress&cs=tinysrgb&w=800", "description": "", "store": 1, "category": 2}}, {"model": "inventory.inventory", "pk": 3, "fields": {"name": "Chana- Bengal Gram", "code": "10003", "visible": true, "max_price": "138.00", "price": "138.00", "amount": "126.210", "executed_amount": "0.000", "unit": "l", "comment": "", "image_url": "https://images.pexels.com/photos/1640777/pexels-photo-1640777.jpeg?auto=compress&cs=tinysrgb&w=800", "description": "", "store": 1, "category": 2}}, {"model": "inventory.inventory", "pk": 4, "fields": {"name": "Hara Chana - Green Bengal Gram", "code": "10004", "visible": true, "max_price": "224.00", "price": "224.00", "amount": "123.683", "executed_amount": "0.000", "unit": "ml", "comment": "", "image_url": "https://images.pexels.com/photos/699953/pexels-photo-699953.jpeg?auto=compress&cs=tinysrgb&w=800", "description": "", "store": 1, "category": 2}}, {"model": "inventory.inventory", "pk": 5, "fields": {"name": "Maize (Makka)", "code": "10006", "visible": true, "max_price": "68.00", "price": "68.00", "amount": "153.927", "executed_amount": "0.000", "unit": "pack", "comment": "", "image_url": "https://images.pexels.com/photos/1092730/pexels-photo-1092730.jpeg?auto=compress&cs=tinysrgb&w=800", "description": "", "store": 1, "category": 2}}, {"model": "inventory.inventory", "pk": 6, "fields": {"name": "Millet Barnyard -Kudiraivali - Sanwa", "code": "10007", "visible": true, "max_price": "180.00", "price": "180.00", "amount": "142.390", "executed_amount": "0.000", "unit": "kg", "comment": "", "image_url": "https://images.pexels.com/photos/3737645/pexels-photo-3737645.jpeg?auto=compress&cs=tinysrgb&w=800", "description": "", "store": 1, "category": 5}}, {"model": "inventory.inventory", "pk": 7, "fields": {"name": "Millet Browntop - Korla", "code": "10008", "visible": true, "max_price": "364.00", "price": "364.00", "amount": "126.910", "executed_amount": "0.000", "unit": "g", "comment": "", "image_url": "https://images.pexels.com/photos/1211887/pexels-photo-1211887.jpeg?auto=compress&cs=tinysrgb&w=800", "description": "", "store": 1, "category": 6}}, {"model": "inventory.inventory", "pk": 8, "fields": {"name": "Millet Finger - Ragi", "code": "10009", "visible": true, "max_price": "88.00", "price": "88.00", "amount": "51.833", "executed_amount": "0.000", "unit": "l", "comment": "", "image_url": "https://images.pexels.com/photos/11809347/pexels-photo-11809347.jpeg?auto=compress&cs=tinysrgb&w=800", "description": "", "store": 1, "category": 5}}, {"model": "inventory.inventory", "pk": 9, "fields": {"name": "Millet Foxtail - Navane - Kangni", "code": "10010", "visible": true, "max_price": "164.00", "price": "164.00", "amount": "129.440", "executed_amount": "0.000", "unit": "ml", "comment": "", "image_url": "https://images.pexels.com/photos/6287581/pexels-photo-6287581.jpeg?auto=compress&cs=tinysrgb&w=800", "description": "", "store": 1, "category": 5}}, {"model": "inventory.inventory", "pk": 10, "fields": {"name": "Millet Kodo - Arka", "code": "10011", "visible": true, "max_price": "153.00", "price": "153.00", "amount": "122.045", "executed_amount": "0.000", "unit": "pack", "comment": "", "image_url": "https://images.pexels.com/photos/326082/pexels-photo-326082.jpeg?auto=compress&cs=tinysrgb&w=800", "description": "", "store": 1, "category": 5}}, {"model": "inventory.inventory", "pk": 11, "fields": {"name": "Millet Little - Samai - Kutki", "code": "10012", "visible": true, "max_price": "162.00", "price": "162.00", "amount": "127.730", "executed_amount": "0.000", "unit": "kg", "comment": "", "image_url": "https://example.com/images/finger_millet.jpg", "description": "", "store": 1, "category": 5}}, {"model": "inventory.inventory", "pk": 12, "fields": {"name": "Millet Pearl - Bajra", "code": "10013", "visible": true, "max_price": "72.00", "price": "72.00", "amount": "105.619", "executed_amount": "0.000", "unit": "g", "comment": "", "image_url": "https://images.pexels.com/photos/932587/pexels-photo-932587.jpeg?auto=compress&cs=tinysrgb&w=800", "description": "", "store": 1, "category": 5}}, {"model": "inventory.inventory", "pk": 13, "fields": {"name": "Proso Millet", "code": "10014", "visible": true, "max_price": "164.00", "price": "164.00", "amount": "97.610", "executed_amount": "0.000", "unit": "l", "comment": "", "image_url": "https://example.com/images/almond_flour.jpg", "description": "", "store": 1, "category": 6}}, {"model": "inventory.inventory", "pk": 14, "fields": {"name": "Millet Sorghum - Jowar", "code": "10015", "visible": true, "max_price": "88.00", "price": "88.00", "amount": "-0.002", "executed_amount": "0.000", "unit": "ml", "comment": "", "image_url": "https://images.pexels.com/photos/90894/pexels-photo-90894.jpeg?auto=compress&cs=tinysrgb&w=800", "description": "", "store": 1, "category": 5}}, {"model": "inventory.inventory", "pk": 15, "fields": {"name": "Multigrain Hard Atta", "code": "10016", "visible": true, "max_price": "140.00", "price": "140.00", "amount": "80.720", "executed_amount": "0.000", "unit": "pack", "comment": "", "image_url": "https://images.pexels.com/photos/4725726/pexels-photo-4725726.jpeg?auto=compress&cs=tinysrgb&w=800", "description": "", "store": 1, "category": 7}}, {"model": "inventory.inventory", "pk": 16, "fields": {"name": "Multigrain Medium Atta", "code": "10017", "visible": true, "max_price": "126.00", "price": "126.00", "amount": "49.800", "executed_amount": "0.000", "unit": "kg", "comment": "", "image_url": "https://example.com/images/canola_oil.jpg", "description": "", "store": 1, "category": 7}}, {"model": "inventory.inventory", "pk": 17, "fields": {"name": "Multigrain Soft Atta", "code": "10018", "visible": true, "max_price": "109.00", "price": "109.00", "amount": "-285.932", "executed_amount": "0.000", "unit": "g", "comment": "", "image_url": "https://images.pexels.com/photos/1099680/pexels-photo-1099680.jpeg?auto=compress&cs=tinysrgb&w=800", "description": "", "store": 1, "category": 7}}, {"model": "inventory.inventory", "pk": 18, "fields": {"name": "Soyabean", "code": "10019", "visible": true, "max_price": "128.00", "price": "128.00", "amount": "114.512", "executed_amount": "0.000", "unit": "l", "comment": "", "image_url": "https://images.pexels.com/photos/1640777/pexels-photo-1640777.jpeg?auto=compress&cs=tinysrgb&w=800", "description": "", "store": 1, "category": 2}}, {"model": "inventory.inventory", "pk": 19, "fields": {"name": "Khapli Wheat Atta", "code": "10020", "visible": true, "max_price": "90.50", "price": "90.50", "amount": "-37.730", "executed_amount": "0.000", "unit": "ml", "comment": "", "image_url": "https://images.pexels.com/photos/1640777/pexels-photo-1640777.jpeg?auto=compress&cs=tinysrgb&w=800", "description": "", "store": 1, "category": 2}}, {"model": "inventory.inventory", "pk": 20, "fields": {"name": "Wheat Lokwan Pearl", "code": "10021", "visible": true, "max_price": "68.00", "price": "68.00", "amount": "-110.765", "executed_amount": "0.000", "unit": "pack", "comment": "", "image_url": "https://images.pexels.com/photos/699953/pexels-photo-699953.jpeg?auto=compress&cs=tinysrgb&w=800", "description": "", "store": 1, "category": 2}}, {"model": "inventory.inventory", "pk": 21, "fields": {"name": "Wheat Lokwan Rajwadi Blue Shine", "code": "10022", "visible": true, "max_price": "82.00", "price": "82.00", "amount": "-3.525", "executed_amount": "0.000", "unit": "kg", "comment": "", "image_url": "https://images.pexels.com/photos/1092730/pexels-photo-1092730.jpeg?auto=compress&cs=tinysrgb&w=800", "description": "", "store": 1, "category": 2}}, {"model": "inventory.inventory", "pk": 22, "fields": {"name": "Wheat Sharbati Kesar", "code": "10023", "visible": true, "max_price": "88.00", "price": "88.00", "amount": "152.860", "executed_amount": "0.000", "unit": "g", "comment": "", "image_url": "https://images.pexels.com/photos/3737645/pexels-photo-3737645.jpeg?auto=compress&cs=tinysrgb&w=800", "description": "", "store": 1, "category": 2}}, {"model": "inventory.inventory", "pk": 23, "fields": {"name": "Wheat Sharbati Silk", "code": "10024", "visible": true, "max_price": "74.00", "price": "74.00", "amount": "-474.870", "executed_amount": "0.000", "unit": "l", "comment": "", "image_url": "https://images.pexels.com/photos/1211887/pexels-photo-1211887.jpeg?auto=compress&cs=tinysrgb&w=800", "description": "", "store": 1, "category": 2}}, {"model": "inventory.inventory", "pk": 24, "fields": {"name": "Regular Wheat Atta", "code": "10025", "visible": true, "max_price": "55.00", "price": "55.00", "amount": "-109.940", "executed_amount": "0.000", "unit": "ml", "comment": "", "image_url": "https://images.pexels.com/photos/11809347/pexels-photo-11809347.jpeg?auto=compress&cs=tinysrgb&w=800", "description": "", "store": 1, "category": 8}}, {"model": "inventory.inventory", "pk": 25, "fields": {"name": "Chana Besan", "code": "10026", "visible": true, "max_price": "145.00", "price": "145.00", "amount": "62.280", "executed_amount": "0.000", "unit": "pack", "comment": "", "image_url": "https://images.pexels.com/photos/6287581/pexels-photo-6287581.jpeg?auto=compress&cs=tinysrgb&w=800", "description": "", "store": 1, "category": 2}}, {"model": "inventory.inventory", "pk": 26, "fields": {"name": "Byadgi Chilli", "code": "10027", "visible": true, "max_price": "550.00", "price": "550.00", "amount": "82.850", "executed_amount": "0.000", "unit": "kg", "comment": "", "image_url": "https://images.pexels.com/photos/326082/pexels-photo-326082.jpeg?auto=compress&cs=tinysrgb&w=800", "description": "", "store": 1, "category": 5}}, {"model": "inventory.inventory", "pk": 27, "fields": {"name": "Guntur Chilli", "code": "10028", "visible": true, "max_price": "380.00", "price": "380.00", "amount": "87.640", "executed_amount": "0.000", "unit": "g", "comment": "", "image_url": "https://example.com/images/finger_millet.jpg", "description": "", "store": 1, "category": 5}}, {"model": "inventory.inventory", "pk": 28, "fields": {"name": "Teja Chilli (Super Spicy)", "code": "10029", "visible": true, "max_price": "352.00", "price": "352.00", "amount": "97.000", "executed_amount": "0.000", "unit": "l", "comment": "", "image_url": "https://images.pexels.com/photos/932587/pexels-photo-932587.jpeg?auto=compress&cs=tinysrgb&w=800", "description": "", "store": 1, "category": 5}}, {"model": "inventory.inventory", "pk": 29, "fields": {"name": "Dhania - Coriander", "code": "10031", "visible": true, "max_price": "320.00", "price": "320.00", "amount": "84.000", "executed_amount": "0.000", "unit": "ml", "comment": "", "image_url": "https://example.com/images/almond_flour.jpg", "description": "", "store": 1, "category": 8}}, {"model": "inventory.inventory", "pk": 30, "fields": {"name": "Haldi - Turmeric", "code": "10032", "visible": false, "max_price": "352.00", "price": "352.00", "amount": "109.425", "executed_amount": "0.000", "unit": "pack", "comment": "", "image_url": "https://images.pexels.com/photos/90894/pexels-photo-90894.jpeg?auto=compress&cs=tinysrgb&w=800", "description": "", "store": 1, "category": 8}}, {"model": "inventory.inventory", "pk": 31, "fields": {"name": "Haldi - Turmeric - Premium", "code": "10033", "visible": true, "max_price": "400.00", "price": "400.00", "amount": "80.475", "executed_amount": "0.000", "unit": "kg", "comment": "", "image_url": "https://images.pexels.com/photos/4725726/pexels-photo-4725726.jpeg?auto=compress&cs=tinysrgb&w=800", "description": "", "store": 1, "category": 8}}, {"model": "inventory.inventory", "pk": 32, "fields": {"name": "Laung (Clove)", "code": "10034", "visible": true, "max_price": "1700.00", "price": "1700.00", "amount": "100.190", "executed_amount": "0.000", "unit": "g", "comment": "", "image_url": "https://example.com/images/canola_oil.jpg", "description": "", "store": 1, "category": 6}}, {"model": "inventory.inventory", "pk": 33, "fields": {"name": "Ajwain", "code": "10035", "visible": true, "max_price": "530.00", "price": "530.00", "amount": "99.890", "executed_amount": "0.000", "unit": "l", "comment": "", "image_url": "https://images.pexels.com/photos/1099680/pexels-photo-1099680.jpeg?auto=compress&cs=tinysrgb&w=800", "description": "", "store": 1, "category": 6}}, {"model": "inventory.inventory", "pk": 34, "fields": {"name": "Kali Mirch (Black Pepper)", "code": "10036", "visible": true, "max_price": "950.00", "price": "950.00", "amount": "100.640", "executed_amount": "0.000", "unit": "ml", "comment": "", "image_url": "https://images.pexels.com/photos/1640777/pexels-photo-1640777.jpeg?auto=compress&cs=tinysrgb&w=800", "description": "", "store": 1, "category": 6}}, {"model": "inventory.inventory", "pk": 35, "fields": {"name": "Saunf (Fennel)", "code": "10037", "visible": true, "max_price": "690.00", "price": "690.00", "amount": "98.330", "executed_amount": "0.000", "unit": "pack", "comment": "", "image_url": "https://images.pexels.com/photos/1640777/pexels-photo-1640777.jpeg?auto=compress&cs=tinysrgb&w=800", "description": "", "store": 1, "category": 6}}, {"model": "inventory.inventory", "pk": 36, "fields": {"name": "Shah Jeera (Black Cumin)", "code": "10038", "visible": true, "max_price": "1150.00", "price": "1150.00", "amount": "99.620", "executed_amount": "0.000", "unit": "kg", "comment": "", "image_url": "https://images.pexels.com/photos/699953/pexels-photo-699953.jpeg?auto=compress&cs=tinysrgb&w=800", "description": "", "store": 1, "category": 6}}, {"model": "inventory.inventory", "pk": 37, "fields": {"name": "Kasuri Methi (Fenugreek)", "code": "10039", "visible": true, "max_price": "850.00", "price": "850.00", "amount": "99.690", "executed_amount": "0.000", "unit": "g", "comment": "", "image_url": "https://images.pexels.com/photos/1092730/pexels-photo-1092730.jpeg?auto=compress&cs=tinysrgb&w=800", "description": "", "store": 1, "category": 6}}, {"model": "inventory.inventory", "pk": 38, "fields": {"name": "Badi Elaichi (Big Cardamom)", "code": "10040", "visible": true, "max_price": "2360.00", "price": "2360.00", "amount": "99.525", "executed_amount": "0.000", "unit": "l", "comment": "", "image_url": "https://images.pexels.com/photos/3737645/pexels-photo-3737645.jpeg?auto=compress&cs=tinysrgb&w=800", "description": "", "store": 1, "category": 6}}, {"model": "inventory.inventory", "pk": 39, "fields": {"name": "Green Cardamom (Elaichi)", "code": "10041", "visible": true, "max_price": "3900.00", "price": "3900.00", "amount": "98.842", "executed_amount": "0.000", "unit": "ml", "comment": "", "image_url": "https://images.pexels.com/photos/1211887/pexels-photo-1211887.jpeg?auto=compress&cs=tinysrgb&w=800", "description": "", "store": 1, "category": 6}}, {"model": "inventory.inventory", "pk": 40, "fields": {"name": "Posta dana (Poppy Seed)", "code": "10042", "visible": true, "max_price": "2410.00", "price": "2410.00", "amount": "99.840", "executed_amount": "0.000", "unit": "pack", "comment": "", "image_url": "https://images.pexels.com/photos/11809347/pexels-photo-11809347.jpeg?auto=compress&cs=tinysrgb&w=800", "description": "", "store": 1, "category": 6}}, {"model": "inventory.inventory", "pk": 41, "fields": {"name": "Dalchini (Cinnamon)", "code": "10043", "visible": true, "max_price": "950.00", "price": "950.00", "amount": "99.890", "executed_amount": "0.000", "unit": "kg", "comment": "", "image_url": "https://images.pexels.com/photos/6287581/pexels-photo-6287581.jpeg?auto=compress&cs=tinysrgb&w=800", "description": "", "store": 1, "category": 6}}, {"model": "inventory.inventory", "pk": 42, "fields": {"name": "Sauth (Dry Ginger)", "code": "10044", "visible": true, "max_price": "800.00", "price": "800.00", "amount": "100.125", "executed_amount": "0.000", "unit": "g", "comment": "", "image_url": "https://images.pexels.com/photos/326082/pexels-photo-326082.jpeg?auto=compress&cs=tinysrgb&w=800", "description": "", "store": 1, "category": 6}}, {"model": "inventory.inventory", "pk": 43, "fields": {"name": "Jayfal (Nutmeg)", "code": "10045", "visible": true, "max_price": "1550.00", "price": "1550.00", "amount": "100.720", "executed_amount": "0.000", "unit": "l", "comment": "", "image_url": "https://example.com/images/finger_millet.jpg", "description": "", "store": 1, "category": 6}}, {"model": "inventory.inventory", "pk": 44, "fields": {"name": "Cumin - Jeera", "code": "10046", "visible": true, "max_price": "550.00", "price": "550.00", "amount": "95.870", "executed_amount": "0.000", "unit": "ml", "comment": "", "image_url": "https://images.pexels.com/photos/932587/pexels-photo-932587.jpeg?auto=compress&cs=tinysrgb&w=800", "description": "", "store": 1, "category": 6}}, {"model": "inventory.inventory", "pk": 45, "fields": {"name": "Methi Dana (Fenugreek Seeds)", "code": "10047", "visible": true, "max_price": "280.00", "price": "280.00", "amount": "99.215", "executed_amount": "0.000", "unit": "pack", "comment": "", "image_url": "https://example.com/images/almond_flour.jpg", "description": "", "store": 1, "category": 6}}, {"model": "inventory.inventory", "pk": 46, "fields": {"name": "Yellow Mustard Seeds", "code": "10048", "visible": true, "max_price": "180.00", "price": "180.00", "amount": "149.795", "executed_amount": "0.000", "unit": "kg", "comment": "", "image_url": "https://images.pexels.com/photos/90894/pexels-photo-90894.jpeg?auto=compress&cs=tinysrgb&w=800", "description": "", "store": 1, "category": 6}}, {"model": "inventory.inventory", "pk": 47, "fields": {"name": "Black Mustard Seeds", "code": "10049", "visible": true, "max_price": "120.00", "price": "120.00", "amount": "107.590", "executed_amount": "0.000", "unit": "g", "comment": "", "image_url": "https://images.pexels.com/photos/4725726/pexels-photo-4725726.jpeg?auto=compress&cs=tinysrgb&w=800", "description": "", "store": 1, "category": 6}}, {"model": "inventory.inventory", "pk": 48, "fields": {"name": "Kalonji", "code": "10050", "visible": true, "max_price": "500.00", "price": "500.00", "amount": "99.695", "executed_amount": "0.000", "unit": "l", "comment": "", "image_url": "https://example.com/images/canola_oil.jpg", "description": "", "store": 1, "category": 6}}, {"model": "inventory.inventory", "pk": 49, "fields": {"name": "Millet Quinoa", "code": "10052", "visible": true, "max_price": "280.00", "price": "280.00", "amount": "109.900", "executed_amount": "0.000", "unit": "ml", "comment": "", "image_url": "https://images.pexels.com/photos/1099680/pexels-photo-1099680.jpeg?auto=compress&cs=tinysrgb&w=800", "description": "", "store": 1, "category": 6}}, {"model": "inventory.inventory", "pk": 50, "fields": {"name": "Chana Sattu", "code": "10053", "visible": true, "max_price": "190.00", "price": "190.00", "amount": "126.505", "executed_amount": "0.000", "unit": "pack", "comment": "", "image_url": "https://images.pexels.com/photos/1640777/pexels-photo-1640777.jpeg?auto=compress&cs=tinysrgb&w=800", "description": "", "store": 1, "category": 2}}, {"model": "inventory.inventory", "pk": 51, "fields": {"name": "Kuttu Atta - Buckwheat", "code": "10054", "visible": true, "max_price": "220.00", "price": "220.00", "amount": "96.925", "executed_amount": "0.000", "unit": "kg", "comment": "", "image_url": "https://images.pexels.com/photos/1640777/pexels-photo-1640777.jpeg?auto=compress&cs=tinysrgb&w=800", "description": "", "store": 1, "category": 2}}, {"model": "inventory.inventory", "pk": 52, "fields": {"name": "Tejpatta (Bay Leaf A1 Meghalaya)", "code": "10055", "visible": true, "max_price": "824.00", "price": "824.00", "amount": "99.795", "executed_amount": "0.000", "unit": "g", "comment": "", "image_url": "https://images.pexels.com/photos/699953/pexels-photo-699953.jpeg?auto=compress&cs=tinysrgb&w=800", "description": "", "store": 1, "category": 6}}, {"model": "inventory.inventory", "pk": 53, "fields": {"name": "Lakadong Turmeric Powder", "code": "10056", "visible": true, "max_price": "1164.00", "price": "1164.00", "amount": "101.688", "executed_amount": "0.000", "unit": "l", "comment": "", "image_url": "https://images.pexels.com/photos/1092730/pexels-photo-1092730.jpeg?auto=compress&cs=tinysrgb&w=800", "description": "", "store": 1, "category": 8}}, {"model": "inventory.inventory", "pk": 54, "fields": {"name": "Saunth (Ing Makhir)", "code": "10057", "visible": true, "max_price": "1869.00", "price": "1869.00", "amount": "99.505", "executed_amount": "0.000", "unit": "ml", "comment": "", "image_url": "https://images.pexels.com/photos/3737645/pexels-photo-3737645.jpeg?auto=compress&cs=tinysrgb&w=800", "description": "", "store": 1, "category": 8}}, {"model": "inventory.inventory", "pk": 55, "fields": {"name": "White Pepper - Safed Mirch", "code": "10059", "visible": true, "max_price": "2200.00", "price": "2200.00", "amount": "100.800", "executed_amount": "0.000", "unit": "pack", "comment": "", "image_url": "https://images.pexels.com/photos/1211887/pexels-photo-1211887.jpeg?auto=compress&cs=tinysrgb&w=800", "description": "", "store": 1, "category": 6}}, {"model": "inventory.inventory", "pk": 56, "fields": {"name": "Javitri / Mace", "code": "10060", "visible": true, "max_price": "6250.00", "price": "6250.00", "amount": "99.680", "executed_amount": "0.000", "unit": "kg", "comment": "", "image_url": "https://images.pexels.com/photos/11809347/pexels-photo-11809347.jpeg?auto=compress&cs=tinysrgb&w=800", "description": "", "store": 1, "category": 6}}, {"model": "inventory.inventory", "pk": 57, "fields": {"name": "Star Anise - Chakra Poool", "code": "10061", "visible": true, "max_price": "1800.00", "price": "1800.00", "amount": "99.445", "executed_amount": "0.000", "unit": "g", "comment": "", "image_url": "https://images.pexels.com/photos/6287581/pexels-photo-6287581.jpeg?auto=compress&cs=tinysrgb&w=800", "description": "", "store": 1, "category": 6}}, {"model": "inventory.inventory", "pk": 58, "fields": {"name": "Bhalia Wheat Atta", "code": "10063", "visible": true, "max_price": "127.00", "price": "127.00", "amount": "75.300", "executed_amount": "0.000", "unit": "l", "comment": "", "image_url": "https://images.pexels.com/photos/326082/pexels-photo-326082.jpeg?auto=compress&cs=tinysrgb&w=800", "description": "", "store": 1, "category": 2}}, {"model": "inventory.inventory", "pk": 59, "fields": {"name": "5 Grain Multigrain", "code": "10064", "visible": true, "max_price": "91.00", "price": "91.00", "amount": "56.230", "executed_amount": "0.000", "unit": "ml", "comment": "", "image_url": "https://example.com/images/finger_millet.jpg", "description": "", "store": 1, "category": 7}}, {"model": "inventory.inventory", "pk": 60, "fields": {"name": "Udar Amrit Multigrain Atta", "code": "10065", "visible": true, "max_price": "181.00", "price": "181.00", "amount": "118.000", "executed_amount": "0.000", "unit": "pack", "comment": "", "image_url": "https://images.pexels.com/photos/932587/pexels-photo-932587.jpeg?auto=compress&cs=tinysrgb&w=800", "description": "", "store": 1, "category": 7}}, {"model": "inventory.inventory", "pk": 61, "fields": {"name": "Low Gluten Multigrain", "code": "10066", "visible": true, "max_price": "166.00", "price": "166.00", "amount": "73.925", "executed_amount": "0.000", "unit": "kg", "comment": "", "image_url": "https://example.com/images/almond_flour.jpg", "description": "", "store": 1, "category": 7}}, {"model": "inventory.inventory", "pk": 62, "fields": {"name": "Roasted Chana", "code": "10068", "visible": true, "max_price": "195.00", "price": "195.00", "amount": "98.450", "executed_amount": "0.000", "unit": "g", "comment": "", "image_url": "https://images.pexels.com/photos/90894/pexels-photo-90894.jpeg?auto=compress&cs=tinysrgb&w=800", "description": "", "store": 1, "category": 2}}, {"model": "inventory.inventory", "pk": 63, "fields": {"name": "All Millet Mix", "code": "10073", "visible": true, "max_price": "195.00", "price": "195.00", "amount": "95.550", "executed_amount": "0.000", "unit": "l", "comment": "", "image_url": "https://images.pexels.com/photos/4725726/pexels-photo-4725726.jpeg?auto=compress&cs=tinysrgb&w=800", "description": "", "store": 1, "category": 7}}, {"model": "inventory.inventory", "pk": 64, "fields": {"name": "A2 Desi Buffalo Bilona Ghee - 1 L", "code": "10074", "visible": true, "max_price": "1785.00", "price": "1785.00", "amount": "100.000", "executed_amount": "0.000", "unit": "ml", "comment": "", "image_url": "https://example.com/images/canola_oil.jpg", "description": "", "store": 1, "category": 11}}, {"model": "inventory.inventory", "pk": 65, "fields": {"name": "A2 Desi Buffalo Bilona Ghee - 500 ML", "code": "10075", "visible": true, "max_price": "910.00", "price": "910.00", "amount": "99.000", "executed_amount": "0.000", "unit": "pack", "comment": "", "image_url": "https://images.pexels.com/photos/1099680/pexels-photo-1099680.jpeg?auto=compress&cs=tinysrgb&w=800", "description": "", "store": 1, "category": 11}}, {"model": "inventory.inventory", "pk": 66, "fields": {"name": "A2 Desi Buffalo Bilona Ghee -250 ML", "code": "10076", "visible": true, "max_price": "450.00", "price": "450.00", "amount": "98.000", "executed_amount": "0.000", "unit": "kg", "comment": "", "image_url": "https://images.pexels.com/photos/1640777/pexels-photo-1640777.jpeg?auto=compress&cs=tinysrgb&w=800", "description": "", "store": 1, "category": 11}}, {"model": "inventory.inventory", "pk": 67, "fields": {"name": "A2 Desi Cow Bilona Ghee - 1L", "code": "10077", "visible": true, "max_price": "2180.00", "price": "2180.00", "amount": "99.000", "executed_amount": "0.000", "unit": "g", "comment": "", "image_url": "https://images.pexels.com/photos/1640777/pexels-photo-1640777.jpeg?auto=compress&cs=tinysrgb&w=800", "description": "", "store": 1, "category": 12}}, {"model": "inventory.inventory", "pk": 68, "fields": {"name": "A2 Desi Cow Bilona Ghee - 500ML", "code": "10078", "visible": true, "max_price": "1109.00", "price": "1109.00", "amount": "98.000", "executed_amount": "0.000", "unit": "l", "comment": "", "image_url": "https://images.pexels.com/photos/699953/pexels-photo-699953.jpeg?auto=compress&cs=tinysrgb&w=800", "description": "", "store": 1, "category": 12}}, {"model": "inventory.inventory", "pk": 69, "fields": {"name": "A2 Desi Cow Bilona Ghee - 250ML", "code": "10079", "visible": true, "max_price": "580.00", "price": "580.00", "amount": "96.000", "executed_amount": "0.000", "unit": "ml", "comment": "", "image_url": "https://images.pexels.com/photos/1092730/pexels-photo-1092730.jpeg?auto=compress&cs=tinysrgb&w=800", "description": "", "store": 1, "category": 12}}, {"model": "inventory.inventory", "pk": 70, "fields": {"name": "Long Pepper - Pipali", "code": "10080", "visible": true, "max_price": "1700.00", "price": "1700.00", "amount": "99.850", "executed_amount": "0.000", "unit": "pack", "comment": "", "image_url": "https://images.pexels.com/photos/3737645/pexels-photo-3737645.jpeg?auto=compress&cs=tinysrgb&w=800", "description": "", "store": 1, "category": 6}}, {"model": "inventory.inventory", "pk": 71, "fields": {"name": "Stone Flower", "code": "10081", "visible": true, "max_price": "1300.00", "price": "1300.00", "amount": "99.950", "executed_amount": "0.000", "unit": "kg", "comment": "", "image_url": "https://images.pexels.com/photos/1211887/pexels-photo-1211887.jpeg?auto=compress&cs=tinysrgb&w=800", "description": "", "store": 1, "category": 6}}, {"model": "inventory.inventory", "pk": 72, "fields": {"name": "Black Mustard Oil -500 ml (WP)", "code": "1005002", "visible": true, "max_price": "215.00", "price": "215.00", "amount": "73.000", "executed_amount": "0.000", "unit": "g", "comment": "", "image_url": "https://images.pexels.com/photos/11809347/pexels-photo-11809347.jpeg?auto=compress&cs=tinysrgb&w=800", "description": "", "store": 1, "category": 14}}, {"model": "inventory.inventory", "pk": 73, "fields": {"name": "Yellow Mustard Oil - 500 ml (WP)", "code": "1005004", "visible": true, "max_price": "235.00", "price": "235.00", "amount": "85.000", "executed_amount": "0.000", "unit": "l", "comment": "", "image_url": "https://images.pexels.com/photos/6287581/pexels-photo-6287581.jpeg?auto=compress&cs=tinysrgb&w=800", "description": "", "store": 1, "category": 14}}, {"model": "inventory.inventory", "pk": 74, "fields": {"name": "Groundnut Oil - 500 ml (WP)", "code": "1005006", "visible": true, "max_price": "208.00", "price": "208.00", "amount": "78.000", "executed_amount": "0.000", "unit": "ml", "comment": "", "image_url": "https://images.pexels.com/photos/326082/pexels-photo-326082.jpeg?auto=compress&cs=tinysrgb&w=800", "description": "", "store": 1, "category": 14}}, {"model": "inventory.inventory", "pk": 75, "fields": {"name": "Coconut Oil - 500 ml (WP)", "code": "1005007", "visible": true, "max_price": "201.00", "price": "201.00", "amount": "54.000", "executed_amount": "0.000", "unit": "pack", "comment": "", "image_url": "https://example.com/images/finger_millet.jpg", "description": "", "store": 1, "category": 14}}, {"model": "inventory.inventory", "pk": 76, "fields": {"name": "Black Mustard Oil -1 ltr (WP)", "code": "1010001", "visible": true, "max_price": "410.00", "price": "410.00", "amount": "69.000", "executed_amount": "0.000", "unit": "kg", "comment": "", "image_url": "https://images.pexels.com/photos/932587/pexels-photo-932587.jpeg?auto=compress&cs=tinysrgb&w=800", "description": "", "store": 1, "category": 14}}, {"model": "inventory.inventory", "pk": 77, "fields": {"name": "Yellow Mustard Oil - 1 ltr (WP)", "code": "1010003", "visible": true, "max_price": "450.00", "price": "450.00", "amount": "90.000", "executed_amount": "0.000", "unit": "g", "comment": "", "image_url": "https://example.com/images/almond_flour.jpg", "description": "", "store": 1, "category": 14}}, {"model": "inventory.inventory", "pk": 78, "fields": {"name": "Groundnut Oil - 1 ltr (WP)", "code": "1010005", "visible": true, "max_price": "395.00", "price": "395.00", "amount": "72.000", "executed_amount": "0.000", "unit": "l", "comment": "", "image_url": "https://images.pexels.com/photos/90894/pexels-photo-90894.jpeg?auto=compress&cs=tinysrgb&w=800", "description": "", "store": 1, "category": 14}}, {"model": "inventory.inventory", "pk": 79, "fields": {"name": "Black Mustard Oil -1 ltr (CP)", "code": "1010006", "visible": true, "max_price": "310.00", "price": "310.00", "amount": "89.000", "executed_amount": "0.000", "unit": "ml", "comment": "", "image_url": "https://images.pexels.com/photos/4725726/pexels-photo-4725726.jpeg?auto=compress&cs=tinysrgb&w=800", "description": "", "store": 1, "category": 15}}, {"model": "inventory.inventory", "pk": 80, "fields": {"name": "Black Mustard Oil -500 ml (CP)", "code": "1010007", "visible": true, "max_price": "165.00", "price": "165.00", "amount": "97.000", "executed_amount": "0.000", "unit": "pack", "comment": "", "image_url": "https://example.com/images/canola_oil.jpg", "description": "", "store": 1, "category": 15}}, {"model": "inventory.inventory", "pk": 81, "fields": {"name": "Coconut Oil - 1 ltr (WP)", "code": "1010008", "visible": true, "max_price": "382.00", "price": "382.00", "amount": "86.000", "executed_amount": "0.000", "unit": "kg", "comment": "", "image_url": "https://images.pexels.com/photos/1099680/pexels-photo-1099680.jpeg?auto=compress&cs=tinysrgb&w=800", "description": "", "store": 1, "category": 14}}, {"model": "inventory.inventory", "pk": 82, "fields": {"name": "Yellow Mustard Oil - 1 ltr (CP)", "code": "1010011", "visible": true, "max_price": "350.00", "price": "350.00", "amount": "97.000", "executed_amount": "0.000", "unit": "g", "comment": "", "image_url": "https://images.pexels.com/photos/1640777/pexels-photo-1640777.jpeg?auto=compress&cs=tinysrgb&w=800", "description": "", "store": 1, "category": 15}}, {"model": "inventory.inventory", "pk": 83, "fields": {"name": "Yellow Mustard Oil - 500 ml (CP)", "code": "1010012", "visible": true, "max_price": "185.00", "price": "185.00", "amount": "96.000", "executed_amount": "0.000", "unit": "l", "comment": "", "image_url": "https://images.pexels.com/photos/1640777/pexels-photo-1640777.jpeg?auto=compress&cs=tinysrgb&w=800", "description": "", "store": 1, "category": 15}}, {"model": "inventory.inventory", "pk": 84, "fields": {"name": "Sunflower Oil - Loose (CP)", "code": "1010013", "visible": true, "max_price": "359.00", "price": "359.00", "amount": "96.000", "executed_amount": "0.000", "unit": "ml", "comment": "", "image_url": "https://images.pexels.com/photos/699953/pexels-photo-699953.jpeg?auto=compress&cs=tinysrgb&w=800", "description": "", "store": 1, "category": 15}}, {"model": "inventory.inventory", "pk": 85, "fields": {"name": "Sunflower Oil - 1 ltr (CP)", "code": "1010014", "visible": true, "max_price": "379.00", "price": "379.00", "amount": "92.000", "executed_amount": "0.000", "unit": "pack", "comment": "", "image_url": "https://images.pexels.com/photos/1092730/pexels-photo-1092730.jpeg?auto=compress&cs=tinysrgb&w=800", "description": "", "store": 1, "category": 15}}, {"model": "inventory.inventory", "pk": 86, "fields": {"name": "Sunflower Oil - 500 ml (CP)", "code": "1010015", "visible": true, "max_price": "199.00", "price": "199.00", "amount": "95.000", "executed_amount": "0.000", "unit": "kg", "comment": "", "image_url": "https://images.pexels.com/photos/3737645/pexels-photo-3737645.jpeg?auto=compress&cs=tinysrgb&w=800", "description": "", "store": 1, "category": 15}}, {"model": "inventory.inventory", "pk": 87, "fields": {"name": "Sesame Oil - Loose (CP)", "code": "1010016", "visible": true, "max_price": "565.00", "price": "565.00", "amount": "100.000", "executed_amount": "0.000", "unit": "g", "comment": "", "image_url": "https://images.pexels.com/photos/1211887/pexels-photo-1211887.jpeg?auto=compress&cs=tinysrgb&w=800", "description": "", "store": 1, "category": 15}}, {"model": "inventory.inventory", "pk": 88, "fields": {"name": "Sesame Oil - 1 ltr (CP)", "code": "1010017", "visible": true, "max_price": "585.00", "price": "585.00", "amount": "98.000", "executed_amount": "0.000", "unit": "l", "comment": "", "image_url": "https://images.pexels.com/photos/11809347/pexels-photo-11809347.jpeg?auto=compress&cs=tinysrgb&w=800", "description": "", "store": 1, "category": 15}}, {"model": "inventory.inventory", "pk": 89, "fields": {"name": "Sesame Oil - 500 ml (CP)", "code": "1010018", "visible": true, "max_price": "302.00", "price": "302.00", "amount": "97.000", "executed_amount": "0.000", "unit": "ml", "comment": "", "image_url": "https://images.pexels.com/photos/6287581/pexels-photo-6287581.jpeg?auto=compress&cs=tinysrgb&w=800", "description": "", "store": 1, "category": 15}}, {"model": "inventory.inventory", "pk": 90, "fields": {"name": "Groundnut Oil - Loose (CP)", "code": "1010019", "visible": false, "max_price": "275.00", "price": "275.00", "amount": "100.000", "executed_amount": "0.000", "unit": "pack", "comment": "", "image_url": "https://images.pexels.com/photos/326082/pexels-photo-326082.jpeg?auto=compress&cs=tinysrgb&w=800", "description": "", "store": 1, "category": 15}}, {"model": "inventory.inventory", "pk": 91, "fields": {"name": "Groundnut Oil -1 ltr (CP)", "code": "1010020", "visible": false, "max_price": "295.00", "price": "295.00", "amount": "99.000", "executed_amount": "0.000", "unit": "kg", "comment": "", "image_url": "https://example.com/images/finger_millet.jpg", "description": "", "store": 1, "category": 15}}, {"model": "inventory.inventory", "pk": 92, "fields": {"name": "Groundnut Oil - 500 ml (CP)", "code": "1010021", "visible": false, "max_price": "158.00", "price": "158.00", "amount": "100.000", "executed_amount": "0.000", "unit": "g", "comment": "", "image_url": "https://images.pexels.com/photos/932587/pexels-photo-932587.jpeg?auto=compress&cs=tinysrgb&w=800", "description": "", "store": 1, "category": 15}}, {"model": "inventory.inventory", "pk": 93, "fields": {"name": "Coconut Oil - Loose (CP)", "code": "1010022", "visible": false, "max_price": "262.00", "price": "262.00", "amount": "100.000", "executed_amount": "0.000", "unit": "l", "comment": "", "image_url": "https://example.com/images/almond_flour.jpg", "description": "", "store": 1, "category": 15}}, {"model": "inventory.inventory", "pk": 94, "fields": {"name": "Coconut Oil - 1 ltr (CP)", "code": "1010023", "visible": false, "max_price": "282.00", "price": "282.00", "amount": "100.000", "executed_amount": "0.000", "unit": "ml", "comment": "", "image_url": "https://images.pexels.com/photos/90894/pexels-photo-90894.jpeg?auto=compress&cs=tinysrgb&w=800", "description": "", "store": 1, "category": 15}}, {"model": "inventory.inventory", "pk": 95, "fields": {"name": "Coconut Oil - 500 ml (CP)", "code": "1010024", "visible": false, "max_price": "151.00", "price": "151.00", "amount": "100.000", "executed_amount": "0.000", "unit": "pack", "comment": "", "image_url": "https://images.pexels.com/photos/4725726/pexels-photo-4725726.jpeg?auto=compress&cs=tinysrgb&w=800", "description": "", "store": 1, "category": 15}}, {"model": "inventory.inventory", "pk": 96, "fields": {"name": "Black Mustard Oil - 5 ltr (CP)", "code": "1010025", "visible": true, "max_price": "1499.00", "price": "1499.00", "amount": "98.000", "executed_amount": "0.000", "unit": "kg", "comment": "", "image_url": "https://example.com/images/canola_oil.jpg", "description": "", "store": 1, "category": 15}}, {"model": "inventory.inventory", "pk": 97, "fields": {"name": "Yellow Mustard Oil -5 ltr (CP)", "code": "1010026", "visible": true, "max_price": "1699.00", "price": "1699.00", "amount": "99.000", "executed_amount": "0.000", "unit": "g", "comment": "", "image_url": "https://images.pexels.com/photos/1099680/pexels-photo-1099680.jpeg?auto=compress&cs=tinysrgb&w=800", "description": "", "store": 1, "category": 15}}, {"model": "inventory.inventory", "pk": 98, "fields": {"name": "Sunflower Oil - 5 ltr (CP)", "code": "1010027", "visible": true, "max_price": "1799.00", "price": "1799.00", "amount": "100.000", "executed_amount": "0.000", "unit": "l", "comment": "", "image_url": "https://images.pexels.com/photos/1640777/pexels-photo-1640777.jpeg?auto=compress&cs=tinysrgb&w=800", "description": "", "store": 1, "category": 15}}, {"model": "inventory.inventory", "pk": 99, "fields": {"name": "Black Mustard Oil -5 ltr (WP)", "code": "1010028", "visible": true, "max_price": "1999.00", "price": "1999.00", "amount": "100.000", "executed_amount": "0.000", "unit": "ml", "comment": "", "image_url": "https://images.pexels.com/photos/1640777/pexels-photo-1640777.jpeg?auto=compress&cs=tinysrgb&w=800", "description": "", "store": 1, "category": 14}}, {"model": "inventory.inventory", "pk": 100, "fields": {"name": "Yellow Mustard Oil -5 ltr (WP)", "code": "1010029", "visible": true, "max_price": "2199.00", "price": "2199.00", "amount": "100.000", "executed_amount": "0.000", "unit": "pack", "comment": "", "image_url": "https://images.pexels.com/photos/699953/pexels-photo-699953.jpeg?auto=compress&cs=tinysrgb&w=800", "description": "", "store": 1, "category": 14}}, {"model": "inventory.inventory", "pk": 101, "fields": {"name": "Coconut Oil - 5 ltr (WP)", "code": "1010030", "visible": true, "max_price": "1860.00", "price": "1860.00", "amount": "99.000", "executed_amount": "0.000", "unit": "kg", "comment": "", "image_url": "https://images.pexels.com/photos/1092730/pexels-photo-1092730.jpeg?auto=compress&cs=tinysrgb&w=800", "description": "", "store": 1, "category": 14}}, {"model": "inventory.inventory", "pk": 102, "fields": {"name": "Groundnut Oil - 5 ltr (WP)", "code": "1010031", "visible": true, "max_price": "1925.00", "price": "1925.00", "amount": "96.000", "executed_amount": "0.000", "unit": "g", "comment": "", "image_url": "https://images.pexels.com/photos/3737645/pexels-photo-3737645.jpeg?auto=compress&cs=tinysrgb&w=800", "description": "", "store": 1, "category": 14}}, {"model": "inventory.inventory", "pk": 103, "fields": {"name": "Yellow Mustard Oil - Loose (CP)", "code": "00053", "visible": true, "max_price": "330.00", "price": "330.00", "amount": "85.500", "executed_amount": "0.000", "unit": "l", "comment": "", "image_url": "https://images.pexels.com/photos/1211887/pexels-photo-1211887.jpeg?auto=compress&cs=tinysrgb&w=800", "description": "", "store": 1, "category": 15}}, {"model": "inventory.inventory", "pk": 104, "fields": {"name": "Black Mustard Oil -Loose (CP)", "code": "00054", "visible": true, "max_price": "290.00", "price": "290.00", "amount": "70.000", "executed_amount": "0.000", "unit": "ml", "comment": "", "image_url": "https://images.pexels.com/photos/11809347/pexels-photo-11809347.jpeg?auto=compress&cs=tinysrgb&w=800", "description": "", "store": 1, "category": 15}}, {"model": "inventory.inventory", "pk": 105, "fields": {"name": "Groundnut Oil -Loose (WP)", "code": "CHKWL00032", "visible": true, "max_price": "375.00", "price": "375.00", "amount": "36.500", "executed_amount": "0.000", "unit": "pack", "comment": "", "image_url": "https://images.pexels.com/photos/6287581/pexels-photo-6287581.jpeg?auto=compress&cs=tinysrgb&w=800", "description": "", "store": 1, "category": 14}}, {"model": "inventory.inventory", "pk": 106, "fields": {"name": "Black Mustard Oil - Loose (WP)", "code": "CHKWL00033", "visible": true, "max_price": "390.00", "price": "390.00", "amount": "42.700", "executed_amount": "0.000", "unit": "kg", "comment": "", "image_url": "https://images.pexels.com/photos/326082/pexels-photo-326082.jpeg?auto=compress&cs=tinysrgb&w=800", "description": "", "store": 1, "category": 14}}, {"model": "inventory.inventory", "pk": 107, "fields": {"name": "Coconut Oil - Loose (WP)", "code": "CHKWL00034", "visible": true, "max_price": "362.00", "price": "362.00", "amount": "56.950", "executed_amount": "0.000", "unit": "g", "comment": "", "image_url": "https://example.com/images/finger_millet.jpg", "description": "", "store": 1, "category": 14}}, {"model": "inventory.inventory", "pk": 108, "fields": {"name": "Yellow Mustard Oil - Loose (WP)", "code": "CHKWL00035", "visible": true, "max_price": "430.00", "price": "430.00", "amount": "97.590", "executed_amount": "0.000", "unit": "l", "comment": "", "image_url": "https://images.pexels.com/photos/932587/pexels-photo-932587.jpeg?auto=compress&cs=tinysrgb&w=800", "description": "", "store": 1, "category": 14}}, {"model": "inventory.inventory", "pk": 109, "fields": {"name": "Sesame Seed", "code": "Sesame", "visible": true, "max_price": "300.00", "price": "300.00", "amount": "150.000", "executed_amount": "0.000", "unit": "ml", "comment": "", "image_url": "https://example.com/images/almond_flour.jpg", "description": "", "store": 1, "category": 16}}, {"model": "order.order", "pk": 1, "fields": {"address": null, "status": "1", "user": 1, "created_by": 1, "created_at": "2024-07-02T11:55:24.925Z", "updated_at": "2024-07-02T11:55:24.925Z"}}, {"model": "order.orderitem", "pk": 1, "fields": {"code": "CHKWL00033", "name": "Black Mustard Oil - Loose (WP)", "unit": "kg", "price": "390.00", "amount": "1.000", "comment": null, "status": "0", "order": 1, "product": 106, "assign_to": 1, "created_by": 1, "created_at": "2024-07-02T11:56:00.538Z", "updated_at": "2024-07-02T11:56:00.539Z"}}, {"model": "order.orderitem", "pk": 2, "fields": {"code": "1005006", "name": "Groundnut Oil - 500 ml (WP)", "unit": "ml", "price": "208.00", "amount": "2.000", "comment": null, "status": "1", "order": 1, "product": 74, "assign_to": 1, "created_by": 1, "created_at": "2024-07-02T22:08:14.436Z", "updated_at": "2024-07-02T22:08:14.436Z"}}]
